{
  "alpha": 1414.8091529361768,
  "beta": 1.0993534462518908,
  "draw_width_c": 130.45536068497037,
  "elo_scale_s": 173.71779276130073,
  "team_scores": {
    "Spain": 711.8,
    "Argentina": 665.0
  },
  "metrics": {
    "train": {
      "n": 61,
      "accuracy": 0.7377049180327869,
      "baseline_accuracy": 0.7377049180327869,
      "brier": 0.3716316407132892,
      "logloss": 0.658332139723737
    },
    "test": {
      "n": 24,
      "accuracy": 0.8333333333333334,
      "baseline_accuracy": 0.8333333333333334,
      "brier": 0.3079270968206274,
      "logloss": 0.5575589323528848
    },
    "all": {
      "n": 85,
      "accuracy": 0.7647058823529411,
      "baseline_accuracy": 0.7647058823529411,
      "brier": 0.3535970692725289,
      "logloss": 0.6294105809490136
    }
  }
}